{
    "load": {
        "memory": null,
        "latency": {
            "unit": "s",
            "values": [
                15.59886232309509
            ],
            "count": 1,
            "total": 15.59886232309509,
            "mean": 15.59886232309509,
            "p50": 15.59886232309509,
            "p90": 15.59886232309509,
            "p95": 15.59886232309509,
            "p99": 15.59886232309509,
            "stdev": 0,
            "stdev_": 0
        },
        "throughput": null,
        "energy": null,
        "efficiency": null
    },
    "forward": {
        "memory": null,
        "latency": {
            "unit": "s",
            "values": [
                11.477741526905447,
                11.554612639942206,
                11.268277329974808,
                11.438665975932963,
                11.257700112997554,
                11.165944762993604,
                11.163343374966644,
                11.381994054070674,
                11.254174266010523,
                11.333256351063028
            ],
            "count": 10,
            "total": 113.29571039485745,
            "mean": 11.329571039485746,
            "p50": 11.300766840518918,
            "p90": 11.485428638209124,
            "p95": 11.520020639075664,
            "p99": 11.547694239768898,
            "stdev": 0.12500955626540203,
            "stdev_": 1.1033917862355032
        },
        "throughput": {
            "unit": "samples/s",
            "value": 5.648934083819028
        },
        "energy": null,
        "efficiency": null
    }
}